{
	"status": 200,
	"message": "success",
	"data": {
		"json": [
			{
				"id":1,
				"name":"@BusinessFunc",
				"startCode":"*@BusinessFunc (title=\"\", desc=\"\") {{",
				"endCode":"*}}"
			},
			{
				"id":2,
				"name":"@BusinessRule",
				"startCode":"*@BusinessRule {{",
				"endCode":"*}}"
			},
			{
				"id":3,
				"name":"@DataAccess",
				"startCode":"*@DataAccess {{",
				"endCode":"*}}"
			},
			{
				"id":4,
				"name":"@ErrorHandling",
				"startCode":"*@ErrorHandling {{",
				"endCode":"*}}"
			},{
				"id":5,
				"name":"@Validation",
				"startCode":"*@Validation {{",
				"endCode":"*}}"
			}
		]
	}
}