{"status": 200,
	"message": "success",
	"data": {
		"json": {
			"text": "      ******************************************************************\r\n      *    111   1212123123 THIS CODE HAVE BEEN DISABLED BY JIM                     *\r\n      ******************************************************************\r\n       IDENTIFICATION DIVISION.\r\n       PROGRAM-ID.   INTREPT.\r\n       AUTHOR.    JIM.\r\n      ******************************************************************\r\n       ENVIRONMENT DIVISION.\r\n      *\r\n       INPUT-OUTPUT SECTION.\r\n      ******************************************************************\r\n      *       THE OUTPUT PRTOUT IS FOR PRINTING THE REPORT             *\r\n      ******************************************************************\r\n       FILE-CONTROL.\r\n      *       SELECT  MASTER-FILE ASSIGN  TO MASTERF\r\n      *                   FILE STATUS IS MASTER-STATUS.\r\n              SELECT  PRTOUT      ASSIGN  TO PRTOUT\r\n                          FILE STATUS IS PRTOUT-STATUS.\r\n      ******************************************************************\r\n       DATA DIVISION.\r\n      *\r\n       FILE SECTION.\r\n      *\r\n      *FD MASTER-FILE.\r\n\r\n      *COPY MASTER.\r\n      *\r\n       FD PRTOUT\r\n           RECORDING MODE F.\r\n       01 PRINT-RECORD PIC X(81) VALUE SPACE.\r\n      *\r\n       WORKING-STORAGE SECTION.\r\n      ******************************************************************\r\n      *                  USE THE DATA OF DB2                           *\r\n      ******************************************************************\r\n             EXEC SQL\r\n               INCLUDE SQLCA\r\n             END-EXEC.\r\n      *\r\n             EXEC SQL\r\n               INCLUDE MASTER\r\n             END-EXEC.\r\n      ******************************************************************\r\n      *                  USE THE CURSOR :MASTERS                       *\r\n      ******************************************************************\r\n             EXEC SQL\r\n               DECLARE MASTERS CURSOR FOR\r\n                   SELECT *\r\n                   FROM IBMGRP.EXT69_MASTER\r\n                   ORDER BY PROVINCEID,CUSTID\r\n             END-EXEC.\r\n      ******************************************************************\r\n       01 PROVINCE-NAME.\r\n           05 PROVINCE-ID OCCURS 100 TIMES PIC X(04).\r\n      *\r\n       01 PAGE-NUM            PIC 999 VALUE 0.\r\n      *\r\n       01 NUM-REC             PIC 999 VALUE 0.\r\n      *\r\n       01 PRTOUT-STATUS       PIC 9(2) VALUE 0.\r\n      *\r\n       01 TEP-NUMBER.\r\n           05 I               PIC 999 VALUE 1.\r\n           05 N               PIC 999 VALUE 0.\r\n           05 M               PIC 999 VALUE 0.\r\n           05 X               PIC 999 VALUE 0.\r\n      *\r\n       01 PROVINCE.\r\n           05 PROVINCE-ID1    PIC X(04) VALUE SPACE.\r\n           05 PROVINCE-ID2    PIC X(04) VALUE SPACE.\r\n           05 PROVINCE-ID3    PIC X(04) VALUE SPACE.\r\n      *\r\n       01 PRT-TABLE-SLIP      PIC X(81) VALUE ALL \"-\".\r\n      *\r\n       01 PRT-SPACE           PIC X(81) VALUE SPACE.\r\n      *\r\n       77  VALID-MASTER     PIC X  VALUE 'Y'.\r\n       77  END-OF-MASTER    PIC X  VALUE 'N'.\r\n      *\r\n       01 PAGE-NUMBER.\r\n           05 FILLER         PIC X(61) VALUE SPACES.\r\n           05 PAGE-TITLE     PIC X(17) VALUE \"PAGE    :       \".\r\n           05 PAGE-VAL       PIC Z(03) VALUE ZERO.\r\n      *\r\n       01 DATE-PRINT.\r\n           05                PIC X(61) VALUE SPACES.\r\n           05 DATE-TITLE     PIC X(10) VALUE \"RUN DATE: \".\r\n           05 DATE-REC.\r\n              10 DATE-YEAR      PIC 9(04) VALUE ZERO.\r\n              10 FILLER         PIC X    VALUE \"-\".\r\n              10 DATE-MONTH     PIC 9(02) VALUE ZERO.\r\n              10 FILLER         PIC X    VALUE \"-\".\r\n              10 DATE-DAY       PIC 9(02) VALUE ZERO.\r\n      *\r\n       01 TIME-PRINT.\r\n           05 FILLER         PIC X(61) VALUE SPACES.\r\n           05 TIME-TITLE     PIC X(10) VALUE \"RUN TIME: \".\r\n           05 TIME-REC.\r\n              10 FILLER         PIC X(02) VALUE SPACES.\r\n              10 TIME-HOUR      PIC 9(02) VALUE ZERO.\r\n              10 FILLER         PIC X VALUE \":\".\r\n              10 TIME-MINUTE    PIC 9(02) VALUE ZERO.\r\n              10 FILLER         PIC X VALUE \":\".\r\n              10 TIME-SECOND    PIC 9(02) VALUE ZERO.\r\n      *\r\n       01 PROGRAM-PRINT.\r\n           05 FILLER         PIC X(61) VALUE SPACES.\r\n           05 PROGRAM-TITLE  PIC X(12) VALUE \"PROGRAM :   \".\r\n           05 PROGRAM-VAL    PIC X(08) VALUE \"EXT68BRC\".\r\n      *\r\n       01 TITLE-PRINT.\r\n           05 FILLER         PIC X(24) VALUE SPACES.\r\n           05 TITLE-VAL      PIC X(31)\r\n                      VALUE \"ABC BANK MONTHLY SUMMARY REPORT\".\r\n           05 FILLER         PIC X(26) VALUE SPACES.\r\n      *\r\n       01 PRT-LINE.\r\n           05 FILLER         PIC X(24) VALUE SPACES.\r\n           05 LINE-VAL       PIC X(31)\r\n                      VALUE \"-------------------------------\".\r\n           05 FILLER         PIC X(26) VALUE SPACES.\r\n      *\r\n       01 PROVINCE-PRINT.\r\n           05 PROVINVCEN     PIC X(13) VALUE \"PROVINCE ID: \".\r\n           05 PROVINCE-VAL   PIC X(04) VALUE SPACE.\r\n           05 FILLER         PIC X(64) VALUE SPACES.\r\n      *\r\n       01 PROVINCE-SLIP.asdad\r\n           05 PROVINCE-LINE   PIC X(13)\r\n                      VALUE \"-------------\".\r\n           05 FILLER          PIC X(68) VALUE SPACES.\r\n      *\r\n       01 TABLE-TITLE-PRINT.\r\n           05 PIC X(23) VALUE \"CUSTID  CUSTOMER NAME  \".\r\n           05 PIC X(24) VALUE \" ACCT BAL     SACCBA    \".\r\n           05 PIC X(34) VALUE \"TTRANSAMT    ADDRESS     INTEREST \".\r\n      *\r\n       01 SLIP-PRINT.\r\n           05 PIC X(23) VALUE \"------  -------------  \".\r\n           05 PIC X(24) VALUE \"---------  ----------  \".\r\n           05 PIC X(34) VALUE \"--------- ------------  ----------\".\r\n      *\r\n       01 PRINT-REC.\r\n           05 CUSTID1        PIC  X(06) VALUE SPACE.\r\n           05 FILLER         PIC  X(02) VALUE SPACE.\r\n           05 CUSTNAME1      PIC  X(13) VALUE SPACE.\r\n           05 FILLER         PIC  X(02) VALUE SPACE.\r\n           05 ACNTBALANCE1   PIC  $$,$$9.99-.\r\n           05 FILLER         PIC  X(02) VALUE SPACE.\r\n           05 STARTACNTAMT1  PIC  $$,$$9.99-.\r\n           05 FILLER         PIC  X(02) VALUE SPACE.\r\n           05 TOTALTRANSAMT1 PIC  $$,$$9.99-.\r\n           05 FILLER         PIC  X(02) VALUE SPACE.\r\n           05 ADDR1          PIC  X(12) VALUE SPACE.\r\n           05 FILLER         PIC  X(03) VALUE SPACE.\r\n           05 INTREST1       PIC  9.9.\r\n           05 PERCENT        PIC  X(03) VALUE \"%  \".\r\n      *\r\n       01 TOTAL-REC.\r\n           05 TOTAL-BALANCE  PIC S9(6)V9(2) USAGE COMP-3 VALUE 0.\r\n           05 TOTAL-START    PIC S9(6)V9(2) USAGE COMP-3 VALUE 0.\r\n           05 TOTAL-TRANSAMT PIC S9(6)V9(2) USAGE COMP-3 VALUE 0.\r\n      *\r\n       01 TOTAL-ALL.\r\n           05 TOTAL-BALANCE  PIC S9(6)V9(2) USAGE COMP-3 VALUE 0.\r\n           05 TOTAL-START    PIC S9(6)V9(2) USAGE COMP-3 VALUE 0.\r\n           05 TOTAL-TRANSAMT PIC S9(6)V9(2) USAGE COMP-3 VALUE 0.\r\n      *\r\n       01 TOTAL-CITY.\r\n           05 TOTAL-CITY-REP OCCURS 200 TIMES.\r\n              10 TOTAL-BALANCE  PIC S9(6)V9(2) USAGE COMP-3 VALUE 0.\r\n              10 TOTAL-START    PIC S9(6)V9(2) USAGE COMP-3 VALUE 0.\r\n              10 TOTAL-TRANSAMT PIC S9(6)V9(2) USAGE COMP-3 VALUE 0.\r\n      *\r\n       01 PRINT-TOTAL-REC.\r\n           05 TOTALS         PIC  X(22) VALUE \"TOTALS:              \".\r\n           05 TOTAL-BALANCE  PIC  $$$,$$9.99.\r\n           05 FILLER         PIC  X(03) VALUE SPACE.\r\n           05 TOTAL-START    PIC  $$$,$$9.99.\r\n           05 FILLER         PIC  X(03) VALUE SPACE.\r\n           05 TOTAL-TRANSAMT PIC  $$$,$$9.99-.\r\n           05 FILLER         PIC  X(33) VALUE SPACE.\r\n      *\r\n       01 TOTAL-CITY-PRINT.\r\n           05 NAMES          PIC  X(04) VALUE SPACE.\r\n           05 FILLER         PIC  X(18) VALUE SPACE.\r\n           05 TOTAL-BALANCE  PIC  $$$,$$9.99.\r\n           05 FILLER1        PIC  X(02) VALUE SPACE.\r\n           05 TOTAL-START    PIC  $$$,$$9.99.\r\n           05 FILLER         PIC  X(02) VALUE SPACE.\r\n           05 TOTAL-TRANSAMT PIC  $$$,$$9.99-.\r\n      *\r\n       01 GRAND-TOTAL-TITLE.\r\n           05 PIC X(13) VALUE \"GRAND TOTALS:\".\r\n      *\r\n       01 GRAND-TOTAL-SLIP.\r\n           05 PIC X(13) VALUE \"-------------\".\r\n      *\r\n       01 TOTAL-ALL-PRINT.\r\n           05 FILLER          PIC X(22) VALUE SPACE.\r\n           05 TOTAL-BALANCE   PIC $$$,$$9.99.\r\n           05 FILLER1         PIC X(02) VALUE SPACE.\r\n           05 TOTAL-START     PIC $$$,$$9.99.\r\n           05 FILLER2         PIC X(02) VALUE SPACE.\r\n           05 TOTAL-TRANSAMT  PIC $$$,$$9.99.\r\n      *\r\n       01 END-REPORT.\r\n           05 FILLER       PIC X(22) VALUE SPACE.\r\n           05 END-REPORTS  PIC X(25) VALUE \"***** END OF REPORT *****\".\r\n      ******************************************************************\r\n       PROCEDURE DIVISION.\r\n      ******************************************************************\r\n      *                    MAIN PROCEDURE                              *\r\n      ******************************************************************\r\n            OPEN OUTPUT PRTOUT.\r\n      *  IF FUNCTION CURRENT-DATE(7:2) NOT = 01 THEN\r\n      *    STOP RUN\r\n      *  END-IF\r\n      *\r\n            PERFORM 100-CURSOR-OPEN THRU 100-EXIT.\r\n              IF VALID-MASTER = 'Y'\r\n                  PERFORM 200-PRINT-REPORT THRU 200-EXIT\r\n               UNTIL END-OF-MASTER = 'Y'\r\n                   OR VALID-MASTER NOT = 'Y'.\r\n            PERFORM 600-CURSOR-CLOSE THRU 600-EXIT.\r\n              CLOSE PRTOUT.\r\n            STOP RUN.\r\n      ******************************************************************\r\n      *                      OPEN THE CURSOR                 *\r\n      ******************************************************************\r\n       100-CURSOR-OPEN.\r\n            EXEC SQL\r\n               OPEN MASTERS\r\n            END-EXEC.\r\n            DISPLAY SQLCODE.\r\n            IF SQLCODE NOT = 0 THEN\r\n                MOVE 'N' TO VALID-MASTER.\r\n       100-EXIT.\r\n            EXIT.\t   \r\n      ******************************************************************\r\n      *              PRINT THE REPORT                                  *\r\n      *     FIRST PRINT THE HEADER OF THE REPORT                       *\r\n      *     THEN PRINT THE RECORD ONE BY ONE FOR DIFFERENT PROVINCES   *\r\n      *     THE END PRINT THE TOTAL                                    *\r\n      ******************************************************************\r\n       200-PRINT-REPORT.\r\n              PERFORM 300-FETCH-MASTERS-ROW THRU 300-EXIT.\r\n              MOVE PROVINCEID OF MASTEREXT67 TO PROVINCE-ID(1).\r\n              PERFORM 210-FIRST-CYCLE THRU 210-EXIT\r\n                     UNTIL END-OF-MASTER = 'Y'.\r\n              PERFORM 230-THREE-CYCLE THRU 230-EXIT UNTIL N > I.\r\n              WRITE PRINT-RECORD FROM GRAND-TOTAL-TITLE.\r\n              WRITE PRINT-RECORD FROM GRAND-TOTAL-SLIP.\r\n              COMPUTE X = I - 2.\r\n              PERFORM 240-FOUR-CYCLE THRU 240-EXIT WITH TEST BEFORE UNTIL M > X.\r\n              MOVE  CORR  TOTAL-ALL TO TOTAL-ALL-PRINT.\r\n              \r\n              WRITE PRINT-RECORD  FROM PRT-TABLE-SLIP.\r\n              WRITE PRINT-RECORD  FROM TOTAL-ALL-PRINT.\r\n              WRITE PRINT-RECORD  FROM PRT-TABLE-SLIP.\r\n              WRITE PRINT-RECORD  FROM END-REPORT.\r\n       200-EXIT.\r\n            EXIT. \t   \r\n      ******************************************************************\r\n       210-FIRST-CYCLE.\r\n               MOVE PROVINCEID OF MASTEREXT67 TO PROVINCE-ID2.\r\n               MOVE PROVINCEID OF MASTEREXT67 TO PROVINCE-ID3.\r\n              PERFORM 220-SECOND-CYCLE THRU 220-EXIT WITH TEST BEFORE\r\n                      UNTIL PROVINCEID OF MASTEREXT67\r\n                     NOT =  PROVINCE-ID3 OR  END-OF-MASTER = 'Y'.\r\n               MOVE CORR TOTAL-REC TO PRINT-TOTAL-REC.\r\n               MOVE CORR TOTAL-REC TO TOTAL-CITY-REP(I).\r\n               ADD 1  TO I.\r\n               MOVE  PROVINCE-ID2 TO PROVINCE-ID(I).\r\n               WRITE PRINT-RECORD FROM PRT-TABLE-SLIP.\r\n               WRITE PRINT-RECORD FROM PRINT-TOTAL-REC.\r\n               WRITE PRINT-RECORD FROM PRT-TABLE-SLIP.\r\n               INITIALIZE TOTAL-REC.\r\n      *        MOVE 0 TO TOTAL-BALANCE  OF TOTAL-REC.\r\n      *        MOVE 0 TO TOTAL-START    OF TOTAL-REC.\r\n      *        MOVE 0 TO TOTAL-TRANSAMT OF TOTAL-REC.\r\n       210-EXIT.\r\n            EXIT.\r\n      ******************************************************************\r\n       220-SECOND-CYCLE.\r\n                 ADD 1 TO PAGE-NUM.\r\n                 PERFORM 400-HEAD-REPORT-PRINT THRU 400-EXIT.\r\n                 PERFORM 500-RECORD-PRINT THRU 500-EXIT.\r\n       220-EXIT.\r\n                 EXIT.  \r\n      ******************************************************************\r\n       230-THREE-CYCLE.\r\n               ADD 1 TO N.\r\n               ADD TOTAL-BALANCE OF TOTAL-CITY-REP(N) TO\r\n                 TOTAL-BALANCE OF TOTAL-ALL.\r\n               ADD TOTAL-START OF TOTAL-CITY-REP(N)  TO\r\n                 TOTAL-START OF TOTAL-ALL.\r\n               ADD TOTAL-TRANSAMT OF TOTAL-CITY-REP(N) TO\r\n                 TOTAL-TRANSAMT OF TOTAL-ALL.\r\n       230-EXIT.\r\n            EXIT.\t\t\t   \r\n      ******************************************************************\r\n       240-FOUR-CYCLE.\r\n               ADD 1 TO M.\r\n               MOVE CORR TOTAL-CITY-REP(M) TO TOTAL-CITY-PRINT.\r\n               MOVE PROVINCE-ID(M) TO NAMES OF TOTAL-CITY-PRINT.\r\n               WRITE PRINT-RECORD  FROM TOTAL-CITY-PRINT.\r\n       240-EXIT.\r\n               EXIT.\t   \r\n      ******************************************************************\r\n       300-FETCH-MASTERS-ROW.\r\n             EXEC SQL\r\n                 FETCH MASTERS INTO\r\n               :CUSTID,:PROVINCEID,:CUSTNAME,:ACNTBALANCE,\r\n               :STARTACNTAMT,:TOTALTRANSAMT,:ADDR,:INTREST\r\n             END-EXEC.\r\n             IF SQLCODE = 100\r\n                MOVE 'Y' TO END-OF-MASTER\r\n             ELSE\r\n                IF SQLCODE NOT = 0\r\n                  MOVE 'N' TO VALID-MASTER.\r\n       300-EXIT.\r\n            EXIT.\t   \r\n      ******************************************************************\r\n       400-HEAD-REPORT-PRINT.\r\n            MOVE PAGE-NUM TO PAGE-VAL.\r\n            WRITE PRINT-RECORD FROM PAGE-NUMBER.\r\n            MOVE FUNCTION CURRENT-DATE(1:4) TO DATE-YEAR.\r\n            MOVE FUNCTION CURRENT-DATE(5:2) TO DATE-MONTH.\r\n            MOVE FUNCTION CURRENT-DATE(7:2) TO DATE-DAY.\r\n            WRITE PRINT-RECORD FROM DATE-PRINT.\r\n            MOVE FUNCTION CURRENT-DATE(9:2) TO TIME-HOUR.\r\n            MOVE FUNCTION CURRENT-DATE(11:2) TO TIME-MINUTE.\r\n            MOVE FUNCTION CURRENT-DATE(13:2) TO TIME-SECOND.\r\n            WRITE PRINT-RECORD FROM TIME-PRINT.\r\n            WRITE PRINT-RECORD FROM PROGRAM-PRINT.\r\n            WRITE PRINT-RECORD FROM PRT-SPACE.\r\n            WRITE PRINT-RECORD FROM TITLE-PRINT.\r\n            WRITE PRINT-RECORD FROM PRT-LINE.\r\n            WRITE PRINT-RECORD FROM PRT-SPACE.\r\n            MOVE PROVINCE-ID2  TO PROVINCE-VAL.\r\n            WRITE PRINT-RECORD FROM PROVINCE-PRINT.\r\n            WRITE PRINT-RECORD FROM PROVINCE-SLIP.\r\n            WRITE PRINT-RECORD FROM TABLE-TITLE-PRINT.\r\n            WRITE PRINT-RECORD FROM SLIP-PRINT.\r\n      400-EXIT.\r\n            EXIT.\t   \r\n      ******************************************************************\r\n       500-RECORD-PRINT.\r\n            MOVE 1  TO NUM-REC.\r\n            MOVE PROVINCEID OF MASTEREXT67 TO PROVINCE-ID1.\r\n            MOVE PROVINCEID OF MASTEREXT67 TO PROVINCE-ID2.\r\n      *       DISPLAY PROVINCE-ID2.\r\n      *       DISPLAY PROVINCE-ID1.\r\n      *       DISPLAY END-OF-MASTER.\r\n      *       DISPLAY NUM-REC.\r\n            PERFORM 510-PAGE-RECORD THRU 510-EXIT WITH TEST BEFORE\r\n                    UNTIL NUM-REC > 29 OR  PROVINCE-ID1  NOT =\r\n                           PROVINCE-ID2  OR  END-OF-MASTER = 'Y'.\r\n       500-EXIT.\r\n             EXIT.\t   \r\n      ******************************************************************\r\n       510-PAGE-RECORD.\r\n            ADD 1 TO NUM-REC.\r\n            MOVE CUSTID TO CUSTID1.\r\n      *     DISPLAY CUSTID.\r\n            MOVE CUSTNAME TO CUSTNAME1.\r\n            MOVE ACNTBALANCE TO ACNTBALANCE1.\r\n            MOVE STARTACNTAMT TO STARTACNTAMT1.\r\n            MOVE TOTALTRANSAMT TO TOTALTRANSAMT1.\r\n            MOVE ADDR   TO ADDR1.\r\n            MOVE INTREST TO INTREST1.\r\n      *     DISPLAY  '11111'.\r\n            WRITE PRINT-RECORD FROM PRINT-REC.\r\n      *     DISPLAY  '55555'.\r\n      *     DISPLAY  TOTAL-BALANCE OF TOTAL-REC.\r\n      *     DISPLAY ACNTBALANCE OF MASTEREXT67.\r\n            ADD ACNTBALANCE OF MASTEREXT67\r\n                              TO TOTAL-BALANCE OF TOTAL-REC.\r\n      *           DISPLAY  TOTAL-BALANCE OF TOTAL-REC.\r\n            ADD STARTACNTAMT OF MASTEREXT67\r\n                              TO TOTAL-START OF TOTAL-REC.\r\n      *            DISPLAY TOTAL-START OF TOTAL-REC.\r\n            ADD TOTALTRANSAMT OF MASTEREXT67\r\n                              TO  TOTAL-TRANSAMT OF TOTAL-REC.\r\n      *            DISPLAY TOTAL-TRANSAMT OF TOTAL-REC.\r\n            PERFORM 300-FETCH-MASTERS-ROW THRU 300-EXIT.\r\n            MOVE PROVINCEID OF MASTEREXT67 TO      PROVINCE-ID2.\r\n      *      DISPLAY  CUSTID OF MASTEREXT67.\r\n      *      DISPLAY PROVINCE-ID2.\r\n       510-EXIT.\r\n            EXIT.\t\r\n      ******************************************************************\r\n       600-CURSOR-CLOSE.\r\n            EXEC SQL\r\n              CLOSE MASTERS\r\n            END-EXEC.\r\n            IF SQLCODE NOT = 0\r\n                MOVE 'N' TO VALID-MASTER.\r\n       600-EXIT.\r\n            EXIT.  \t\r\n       910-DUP-CODE01.\r\n            DISPLAY 'THIS IS DUP CODE01'.\r\n            DISPLAY 'THIS IS DUP CODE01'.\r\n            DISPLAY 'THIS IS DUP CODE01'.\r\n            DISPLAY 'THIS IS DUP CODE01'.\r\n            DISPLAY 'THIS IS DUP CODE01'.\r\n            DISPLAY 'THIS IS DUP CODE01'.\r\n            DISPLAY 'THIS IS DUP CODE01'.\r\n            DISPLAY 'THIS IS DUP CODE01'.\r\n       910-EXIT.\r\n            EXIT.\r\n       920-DUP-CODE02.\r\n            DISPLAY 'THIS IS DUP CODE02'.\r\n            DISPLAY 'THIS IS DUP CODE02'.\r\n            DISPLAY 'THIS IS DUP CODE02'.\r\n            DISPLAY 'THIS IS DUP CODE02'.\r\n            DISPLAY 'THIS IS DUP CODE02'.\r\n            DISPLAY 'THIS IS DUP CODE02'.\r\n            DISPLAY 'THIS IS DUP CODE02'.\r\n            DISPLAY 'THIS IS DUP CODE02'.\r\n       920-EXIT.\r\n            EXIT.\r\n       930-DUP-CODE03.\r\n            DISPLAY 'THIS IS DUP CODE03'.\r\n            DISPLAY 'THIS IS DUP CODE03'.\r\n            DISPLAY 'THIS IS DUP CODE03'.\r\n            DISPLAY 'THIS IS DUP CODE03'.\r\n            DISPLAY 'THIS IS DUP CODE03'.\r\n            DISPLAY 'THIS IS DUP CODE03'.\r\n            DISPLAY 'THIS IS DUP CODE03'.\r\n            DISPLAY 'THIS IS DUP CODE03'.\r\n       930-EXIT.\r\n            EXIT.   ",
			"fileType": "COBOL",
			"id": "e1d4845e-bf17-43dc-96cb-3fff374cda38",
			"pid": "4333d68e-d09e-4be1-aecd-edf2aca4a7fa",
			"name": "INTREPT.txt"
		}}}