{
    "data": {
        "html": "",
        "json": {
            "aaData": [
                {
                    "filePath": "\\source-code\\COBOL(test)\\BatchProgram(test)\\LOANPLAN",
                    "fileType": "PGM",
                    "id": "b9bb023f-b2c3-4044-a91d-5583d1bc2171",
                    "isParent": false,
                    "name": "LOANPLAN",
                    "projectId": "2c9093c547a537a60147a57ef20b0089",
                    "structureType": 1,
                    "userId": "2c9093c5479edbbf01479eddaaa30000"
                },
                {
                    "filePath": "\\source-code\\COBOL(test)\\BatchProgram(test)\\NEWCOPY",
                    "fileType": "PGM",
                    "id": "eb675bf1-b992-4238-8d4d-b95b7cf3e341",
                    "isParent": false,
                    "name": "NEWCOPY",
                    "projectId": "2c9093c547a537a60147a57ef20b0089",
                    "structureType": 1,
                    "userId": "2c9093c5479edbbf01479eddaaa30000"
                },
                {
                    "filePath": "\\source-code\\COBOL(test)\\BatchProgram(test)\\PLBM001",
                    "fileType": "PGM",
                    "id": "77f71f79-6cc4-4bb7-80d7-b0380a398dfb",
                    "isParent": false,
                    "name": "PLBM001",
                    "projectId": "2c9093c547a537a60147a57ef20b0089",
                    "structureType": 1,
                    "userId": "2c9093c5479edbbf01479eddaaa30000"
                },
                {
                    "filePath": "\\source-code\\COBOL(test)\\BatchProgram(test)\\PLBM002",
                    "fileType": "PGM",
                    "id": "9ef0cb4d-7de1-4b63-adfd-3f7c742f3145",
                    "isParent": false,
                    "name": "PLBM002",
                    "projectId": "2c9093c547a537a60147a57ef20b0089",
                    "structureType": 1,
                    "userId": "2c9093c5479edbbf01479eddaaa30000"
                },
                {
                    "filePath": "\\source-code\\COBOL(test)\\BatchProgram(test)\\PLFM001",
                    "fileType": "PGM",
                    "id": "8f704a6a-c7a4-43e9-9d28-e912a1663231",
                    "isParent": false,
                    "name": "PLFM001",
                    "projectId": "2c9093c547a537a60147a57ef20b0089",
                    "structureType": 1,
                    "userId": "2c9093c5479edbbf01479eddaaa30000"
                },
                {
                    "filePath": "\\source-code\\COBOL(test)\\BatchProgram(test)\\PLFM004",
                    "fileType": "PGM",
                    "id": "97985eb5-ae31-41ae-b379-683782c9548a",
                    "isParent": false,
                    "name": "PLFM004",
                    "projectId": "2c9093c547a537a60147a57ef20b0089",
                    "structureType": 1,
                    "userId": "2c9093c5479edbbf01479eddaaa30000"
                },
                {
                    "filePath": "\\source-code\\COBOL(test)\\BatchProgram(test)\\PLMM000",
                    "fileType": "PGM",
                    "id": "fd4a32a9-f3fb-4a17-80ab-942707009840",
                    "isParent": false,
                    "name": "PLMM000",
                    "projectId": "2c9093c547a537a60147a57ef20b0089",
                    "structureType": 1,
                    "userId": "2c9093c5479edbbf01479eddaaa30000"
                },
                {
                    "filePath": "\\source-code\\COBOL(test)\\BatchProgram(test)\\PLMM001",
                    "fileType": "PGM",
                    "id": "7df6826a-6d31-43a3-92ce-f3ad4078d276",
                    "isParent": false,
                    "name": "PLMM001",
                    "projectId": "2c9093c547a537a60147a57ef20b0089",
                    "structureType": 1,
                    "userId": "2c9093c5479edbbf01479eddaaa30000"
                },
                {
                    "filePath": "\\source-code\\COBOL(test)\\BatchProgram(test)\\PLMM002",
                    "fileType": "PGM",
                    "id": "071cf79b-1eba-403a-9232-e277328e5491",
                    "isParent": false,
                    "name": "PLMM002",
                    "projectId": "2c9093c547a537a60147a57ef20b0089",
                    "structureType": 1,
                    "userId": "2c9093c5479edbbf01479eddaaa30000"
                },
                {
                    "filePath": "\\source-code\\COBOL(test)\\BatchProgram(test)\\PLMM003",
                    "fileType": "PGM",
                    "id": "12ffb085-0b88-4b20-8fd1-46da291df642",
                    "isParent": false,
                    "name": "PLMM003",
                    "projectId": "2c9093c547a537a60147a57ef20b0089",
                    "structureType": 1,
                    "userId": "2c9093c5479edbbf01479eddaaa30000"
                },
                {
                    "filePath": "\\source-code\\COBOL(test)\\BatchProgram(test)\\PLPB0001",
                    "fileType": "PGM",
                    "id": "81693be0-3b42-436b-94d9-e4774730cf14",
                    "isParent": false,
                    "name": "PLPB0001",
                    "projectId": "2c9093c547a537a60147a57ef20b0089",
                    "structureType": 1,
                    "userId": "2c9093c5479edbbf01479eddaaa30000"
                },
                {
                    "filePath": "\\source-code\\COBOL(test)\\BatchProgram(test)\\PLPB0002",
                    "fileType": "PGM",
                    "id": "cc768898-8e45-4caa-a0ea-b1612e2464b3",
                    "isParent": false,
                    "name": "PLPB0002",
                    "projectId": "2c9093c547a537a60147a57ef20b0089",
                    "structureType": 1,
                    "userId": "2c9093c5479edbbf01479eddaaa30000"
                },
                {
                    "filePath": "\\source-code\\COBOL(test)\\BatchProgram(test)\\PLPF0001",
                    "fileType": "PGM",
                    "id": "b135b53d-8e72-465e-86c6-db7643838528",
                    "isParent": false,
                    "name": "PLPF0001",
                    "projectId": "2c9093c547a537a60147a57ef20b0089",
                    "structureType": 1,
                    "userId": "2c9093c5479edbbf01479eddaaa30000"
                },
                {
                    "filePath": "\\source-code\\COBOL(test)\\BatchProgram(test)\\PLPF0003",
                    "fileType": "PGM",
                    "id": "8475d16c-e7d7-4bed-88d3-f4e92be373bf",
                    "isParent": false,
                    "name": "PLPF0003",
                    "projectId": "2c9093c547a537a60147a57ef20b0089",
                    "structureType": 1,
                    "userId": "2c9093c5479edbbf01479eddaaa30000"
                },
                {
                    "filePath": "\\source-code\\COBOL(test)\\BatchProgram(test)\\PLPF0004",
                    "fileType": "PGM",
                    "id": "5d2bc9b7-6655-4dca-89a0-a1e22b6ed5f9",
                    "isParent": false,
                    "name": "PLPF0004",
                    "projectId": "2c9093c547a537a60147a57ef20b0089",
                    "structureType": 1,
                    "userId": "2c9093c5479edbbf01479eddaaa30000"
                },
                {
                    "filePath": "\\source-code\\COBOL(test)\\BatchProgram(test)\\PLPM0000",
                    "fileType": "PGM",
                    "id": "b52ab3d7-f2ce-49b9-8fd5-e2314fdb12d4",
                    "isParent": false,
                    "name": "PLPM0000",
                    "projectId": "2c9093c547a537a60147a57ef20b0089",
                    "structureType": 1,
                    "userId": "2c9093c5479edbbf01479eddaaa30000"
                },
                {
                    "filePath": "\\source-code\\COBOL(test)\\BatchProgram(test)\\PLPM0001",
                    "fileType": "PGM",
                    "id": "5895f198-a648-481d-b791-4a406381abba",
                    "isParent": false,
                    "name": "PLPM0001",
                    "projectId": "2c9093c547a537a60147a57ef20b0089",
                    "structureType": 1,
                    "userId": "2c9093c5479edbbf01479eddaaa30000"
                },
                {
                    "filePath": "\\source-code\\COBOL(test)\\BatchProgram(test)\\PLPM0002",
                    "fileType": "PGM",
                    "id": "830ed80f-ab4e-4e59-889e-e084fd72b090",
                    "isParent": false,
                    "name": "PLPM0002",
                    "projectId": "2c9093c547a537a60147a57ef20b0089",
                    "structureType": 1,
                    "userId": "2c9093c5479edbbf01479eddaaa30000"
                },
                {
                    "filePath": "\\source-code\\COBOL(test)\\BatchProgram(test)\\PLPM0003",
                    "fileType": "PGM",
                    "id": "881217c3-d463-4ca2-abbd-ea46b98b00d6",
                    "isParent": false,
                    "name": "PLPM0003",
                    "projectId": "2c9093c547a537a60147a57ef20b0089",
                    "structureType": 1,
                    "userId": "2c9093c5479edbbf01479eddaaa30000"
                },
                {
                    "filePath": "\\source-code\\COBOL(test)\\BatchProgram(test)\\PLPM000X",
                    "fileType": "PGM",
                    "id": "0e5eafe2-99bd-4d51-b5c6-7692d5c13a84",
                    "isParent": false,
                    "name": "PLPM000X",
                    "projectId": "2c9093c547a537a60147a57ef20b0089",
                    "structureType": 1,
                    "userId": "2c9093c5479edbbf01479eddaaa30000"
                },
                {
                    "filePath": "\\source-code\\Copybook(test)\\PLBM001",
                    "fileType": "PGM",
                    "id": "2a874e2c-bf50-4060-9448-ea511941335e",
                    "isParent": false,
                    "name": "PLBM001",
                    "projectId": "2c9093c547a537a60147a57ef20b0089",
                    "structureType": 1,
                    "userId": "2c9093c5479edbbf01479eddaaa30000"
                },
                {
                    "filePath": "\\source-code\\Copybook(test)\\PLBM002",
                    "fileType": "PGM",
                    "id": "aeedc11e-8504-4f43-aaca-fc22f03b9550",
                    "isParent": false,
                    "name": "PLBM002",
                    "projectId": "2c9093c547a537a60147a57ef20b0089",
                    "structureType": 1,
                    "userId": "2c9093c5479edbbf01479eddaaa30000"
                },
                {
                    "filePath": "\\source-code\\Copybook(test)\\PLFM001",
                    "fileType": "PGM",
                    "id": "a4d969ed-efa0-4397-8f70-6574ccd29c69",
                    "isParent": false,
                    "name": "PLFM001",
                    "projectId": "2c9093c547a537a60147a57ef20b0089",
                    "structureType": 1,
                    "userId": "2c9093c5479edbbf01479eddaaa30000"
                },
                {
                    "filePath": "\\source-code\\Copybook(test)\\PLFM004",
                    "fileType": "PGM",
                    "id": "58d93c26-21a4-41af-8e95-70a15d286ae9",
                    "isParent": false,
                    "name": "PLFM004",
                    "projectId": "2c9093c547a537a60147a57ef20b0089",
                    "structureType": 1,
                    "userId": "2c9093c5479edbbf01479eddaaa30000"
                },
                {
                    "filePath": "\\source-code\\Copybook(test)\\PLMM000",
                    "fileType": "PGM",
                    "id": "020aaf33-9c96-47e5-8139-c0550f19f635",
                    "isParent": false,
                    "name": "PLMM000",
                    "projectId": "2c9093c547a537a60147a57ef20b0089",
                    "structureType": 1,
                    "userId": "2c9093c5479edbbf01479eddaaa30000"
                },
                {
                    "filePath": "\\source-code\\Copybook(test)\\PLMM001",
                    "fileType": "PGM",
                    "id": "3b66ab60-ea18-43b2-8736-b134c7faef2b",
                    "isParent": false,
                    "name": "PLMM001",
                    "projectId": "2c9093c547a537a60147a57ef20b0089",
                    "structureType": 1,
                    "userId": "2c9093c5479edbbf01479eddaaa30000"
                },
                {
                    "filePath": "\\source-code\\Copybook(test)\\PLMM002",
                    "fileType": "PGM",
                    "id": "c62f21dd-782b-44be-b30a-389faab16cc2",
                    "isParent": false,
                    "name": "PLMM002",
                    "projectId": "2c9093c547a537a60147a57ef20b0089",
                    "structureType": 1,
                    "userId": "2c9093c5479edbbf01479eddaaa30000"
                },
                {
                    "filePath": "\\source-code\\Copybook(test)\\PLMM003",
                    "fileType": "PGM",
                    "id": "fd1a3179-60ba-42b3-985a-a1653faae8a4",
                    "isParent": false,
                    "name": "PLMM003",
                    "projectId": "2c9093c547a537a60147a57ef20b0089",
                    "structureType": 1,
                    "userId": "2c9093c5479edbbf01479eddaaa30000"
                },
                {
                    "filePath": "\\source-code\\Copybook(test)\\PLTHIST",
                    "fileType": "PGM",
                    "id": "229fb298-cfa3-4435-8629-13def4c51f05",
                    "isParent": false,
                    "name": "PLTHIST",
                    "projectId": "2c9093c547a537a60147a57ef20b0089",
                    "structureType": 1,
                    "userId": "2c9093c5479edbbf01479eddaaa30000"
                },
                {
                    "filePath": "\\source-code\\Copybook(test)\\PLTINFO",
                    "fileType": "PGM",
                    "id": "10f7d20a-8bc7-4548-a83b-d3983d2cdd6a",
                    "isParent": false,
                    "name": "PLTINFO",
                    "projectId": "2c9093c547a537a60147a57ef20b0089",
                    "structureType": 1,
                    "userId": "2c9093c5479edbbf01479eddaaa30000"
                },
                {
                    "filePath": "\\source-code\\Copybook(test)\\PLTLOAN",
                    "fileType": "PGM",
                    "id": "011c1d03-ae19-45c5-bcc2-c80e2b1887a1",
                    "isParent": false,
                    "name": "PLTLOAN",
                    "projectId": "2c9093c547a537a60147a57ef20b0089",
                    "structureType": 1,
                    "userId": "2c9093c5479edbbf01479eddaaa30000"
                },
                {
                    "filePath": "\\source-code\\Copybook(test)\\PLTMST",
                    "fileType": "PGM",
                    "id": "461730d2-8acc-412a-82e4-a23a63891077",
                    "isParent": false,
                    "name": "PLTMST",
                    "projectId": "2c9093c547a537a60147a57ef20b0089",
                    "structureType": 1,
                    "userId": "2c9093c5479edbbf01479eddaaa30000"
                },
                {
                    "filePath": "\\source-code\\Copybook(test)\\PLTPYLN",
                    "fileType": "PGM",
                    "id": "482d6cbf-1967-4569-8ee5-1c141ed4b5fd",
                    "isParent": false,
                    "name": "PLTPYLN",
                    "projectId": "2c9093c547a537a60147a57ef20b0089",
                    "structureType": 1,
                    "userId": "2c9093c5479edbbf01479eddaaa30000"
                },
                {
                    "filePath": "\\source-code\\Copybook(test)\\PLTRATE",
                    "fileType": "PGM",
                    "id": "92f238ca-5c85-4c98-8a64-9069d51f3094",
                    "isParent": false,
                    "name": "PLTRATE",
                    "projectId": "2c9093c547a537a60147a57ef20b0089",
                    "structureType": 1,
                    "userId": "2c9093c5479edbbf01479eddaaa30000"
                },
                {
                    "filePath": "\\source-code\\JCL\\JOB(test)\\APAYLOAN",
                    "fileType": "PGM",
                    "id": "3140f40d-9fb1-48c8-b27c-f2aaad99d2cf",
                    "isParent": false,
                    "name": "APAYLOAN",
                    "projectId": "2c9093c547a537a60147a57ef20b0089",
                    "structureType": 1,
                    "userId": "2c9093c5479edbbf01479eddaaa30000"
                },
                {
                    "filePath": "\\source-code\\JCL\\JOB(test)\\CMPCOB1",
                    "fileType": "PGM",
                    "id": "683c1389-8183-474c-83d0-0d885a2c2540",
                    "isParent": false,
                    "name": "CMPCOB1",
                    "projectId": "2c9093c547a537a60147a57ef20b0089",
                    "structureType": 1,
                    "userId": "2c9093c5479edbbf01479eddaaa30000"
                },
                {
                    "filePath": "\\source-code\\JCL\\JOB(test)\\CMPCOB2",
                    "fileType": "PGM",
                    "id": "a5664380-c8d9-4691-92a9-005934a4759c",
                    "isParent": false,
                    "name": "CMPCOB2",
                    "projectId": "2c9093c547a537a60147a57ef20b0089",
                    "structureType": 1,
                    "userId": "2c9093c5479edbbf01479eddaaa30000"
                },
                {
                    "filePath": "\\source-code\\JCL\\JOB(test)\\LOANPLAN",
                    "fileType": "PGM",
                    "id": "52fa6b10-5d7a-4e11-ac4a-16329d9e2659",
                    "isParent": false,
                    "name": "LOANPLAN",
                    "projectId": "2c9093c547a537a60147a57ef20b0089",
                    "structureType": 1,
                    "userId": "2c9093c5479edbbf01479eddaaa30000"
                },
                {
                    "filePath": "\\source-code\\JCL\\JOB(test)\\PLANCARD",
                    "fileType": "PGM",
                    "id": "76069a51-87ca-4756-afd7-c306130095ff",
                    "isParent": false,
                    "name": "PLANCARD",
                    "projectId": "2c9093c547a537a60147a57ef20b0089",
                    "structureType": 1,
                    "userId": "2c9093c5479edbbf01479eddaaa30000"
                },
                {
                    "filePath": "\\source-code\\JCL\\JOB(test)\\PREPCARD",
                    "fileType": "PGM",
                    "id": "08bf5e6f-000e-4495-9fe2-9c1f0add2664",
                    "isParent": false,
                    "name": "PREPCARD",
                    "projectId": "2c9093c547a537a60147a57ef20b0089",
                    "structureType": 1,
                    "userId": "2c9093c5479edbbf01479eddaaa30000"
                },
                {
                    "filePath": "\\source-code\\SubProgram(test)\\PLS0001",
                    "fileType": "PGM",
                    "id": "7ece474e-059a-47f6-b739-2814f8863a54",
                    "isParent": false,
                    "name": "PLS0001",
                    "projectId": "2c9093c547a537a60147a57ef20b0089",
                    "structureType": 1,
                    "userId": "2c9093c5479edbbf01479eddaaa30000"
                }
            ],
            "iTotalDisplayRecords": 41,
            "iTotalRecords": 41,
            "sColumns": "",
            "sEcho": ""
        },
        "text": ""
    },
    "message": "41 matches find ",
    "status": "200"
}