{
	"status": 200,
	"message": "success",
	"data": {
		"json": {
			"text": "\n    public class InfiniteLoop {\n\n        /*\n         * This will cause the program to hang...\n         *\n         * Taken from:\n         * http://www.exploringbinary.com/java-hangs-when-converting-2-2250738585072012e-308/\n         */\n        public static void main(String[] args) {\n            double d = Double.parseDouble(\"2.2250738585072012e-308\");\n\n            // unreachable code\n            System.out.println(\"Value: \" + d);\n        }\n        private void get(){\n            \n                \n        }\n    }\n",
			"fileType": "JAVA",
			"allLines": 402,
			"endLine": 1499
		}
	}
}