{
	"status":200,
	"message":"success",
	"data":{
		"json":[{
				"sourceBlock": {
					"startLine":90,
					"endLine": 100
				},
				"targetBlocks": [{
					"endLine": 30,
					"startLine": 22
				}, {
					"endLine": 41,
					"startLine": 32
				}, {
					"endLine": 71,
					"startLine": 52
				}],
				"targetFileId": "72a2e200-cbcf-4d52-b5ca-82ce0f3c3150"
			},{
				"sourceBlock": {
					"endLine": 70,
					"startLine":60
				},
				"targetBlocks": [{
					"endLine": 50,
					"startLine": 22
				}],
				"targetFileId": "72a2e200-cbcf-4d52-b5ca-82ce0f3c3150"
			}]
	}
}